county,url,link_text
Hayward,https://library.municode.com/ca/hayward/codes/municipal_code?nodeId=15488,Municipal Code
Hayward,https://library.municode.com/ca/hayward/codes/municipal_code?nodeId=HAMUCO,HAYWARD MUNICIPAL CODE
Hayward,https://library.municode.com/ca/hayward/codes/municipal_code?nodeId=SUHITA,SUPPLEMENT HISTORY TABLE (This content was modified in this version of the code.) modified
Hayward,https://library.municode.com/ca/hayward/codes/municipal_code?nodeId=HAYWARD_MUNICIPAL_CODE_CH1GEPR,CHAPTER 1 - GENERAL PROVISIONS
Hayward,https://library.municode.com/ca/hayward/codes/municipal_code?nodeId=HAYWARD_MUNICIPAL_CODE_CH2GOAD,CHAPTER 2 - GOVERNMENT AND ADMINISTRATION (This content was amended in this version of the code.) amended
Hayward,https://library.municode.com/ca/hayward/codes/municipal_code?nodeId=HAYWARD_MUNICIPAL_CODE_CH3PUSA,CHAPTER 3 - PUBLIC SAFETY
Hayward,https://library.municode.com/ca/hayward/codes/municipal_code?nodeId=HAYWARD_MUNICIPAL_CODE_CH4PUWEMOCO,"CHAPTER 4 - PUBLIC WELFARE, MORALS AND CONDUCT"
Hayward,https://library.municode.com/ca/hayward/codes/municipal_code?nodeId=HAYWARD_MUNICIPAL_CODE_CH5SAHE,CHAPTER 5 - SANITATION AND HEALTH
Hayward,https://library.municode.com/ca/hayward/codes/municipal_code?nodeId=HAYWARD_MUNICIPAL_CODE_CH6BUPRTR,"CHAPTER 6 - BUSINESSES, PROFESSIONS AND TRADES"
Hayward,https://library.municode.com/ca/hayward/codes/municipal_code?nodeId=HAYWARD_MUNICIPAL_CODE_CH7PUWO,CHAPTER 7 - PUBLIC WORKS
Hayward,https://library.municode.com/ca/hayward/codes/municipal_code?nodeId=HAYWARD_MUNICIPAL_CODE_CH8FIRETA,"CHAPTER 8 - FINANCE, REVENUE AND TAXATION"
Hayward,https://library.municode.com/ca/hayward/codes/municipal_code?nodeId=HAYWARD_MUNICIPAL_CODE_CH9BURE,CHAPTER 9 - BUILDING REGULATIONS
Hayward,https://library.municode.com/ca/hayward/codes/municipal_code?nodeId=HAYWARD_MUNICIPAL_CODE_CH10PLZOSU,"CHAPTER 10 - PLANNING, ZONING AND SUBDIVISIONS"
Hayward,https://library.municode.com/ca/hayward/codes/municipal_code?nodeId=HAYWARD_MUNICIPAL_CODE_CH11PUUT,CHAPTER 11 - PUBLIC UTILITIES
Hayward,https://library.municode.com/ca/hayward/codes/municipal_code?nodeId=HAYWARD_MUNICIPAL_CODE_CH12HO,CHAPTER 12 - HOUSING
Hayward,https://library.municode.com/ca/hayward/codes/municipal_code?nodeId=CACOLOCO,CALIFORNIA CODES AND LOCAL CODES
Hayward,https://library.municode.com/ca/hayward/codes/municipal_code?nodeId=CD_COMPARATIVE_TABLE--MUNICIPAL_CODE_CHANGES,CODE COMPARATIVE TABLE—MUNICIPAL CODE CHANGES (This content was modified in this version of the code.) modified
